{
  "project_info": {
    "project_number": "713953053363",
    "firebase_url": "https://cingaro-d8e00-default-rtdb.firebaseio.com",
    "project_id": "cingaro-d8e00",
    "storage_bucket": "cingaro-d8e00.appspot.com"
  },
  "client": [
    {
      "client_info": {
        "mobilesdk_app_id": "1:713953053363:android:0faa30aec79b66033c3ec6",
        "android_client_info": {
          "package_name": "com.example.cigarrocerto"
        }
      },
      "oauth_client": [
        {
          "client_id": "713953053363-7ndhfbvig2eeuu5qk150vrju4kvjddrt.apps.googleusercontent.com",
          "client_type": 3
        }
      ],
      "api_key": [
        {
          "current_key": "AIzaSyAcYujiP1rjq_40LEm-2Wcrl_rj3Oj2Emk"
        }
      ],
      "services": {
        "appinvite_service": {
          "other_platform_oauth_client": [
            {
              "client_id": "713953053363-7ndhfbvig2eeuu5qk150vrju4kvjddrt.apps.googleusercontent.com",
              "client_type": 3
            }
          ]
        }
      }
    }
  ],
  "configuration_version": "1"
}